INSERT INTO Books (BookCode, Title, Author, PledgePrice, RentalPrice, Genre)
VALUES
(1, 'The Great Gatsby', 'F. Scott Fitzgerald', 10.50, 2.50, 'Fiction'),
(2, 'To Kill a Mockingbird', 'Harper Lee', 12.00, 3.00, 'Fiction'),
(3, '1984', 'George Orwell', 15.00, 3.50, 'Fiction'),
(4, 'The Hitchhiker''s Guide to the Galaxy', 'Douglas Adams', 8.00, 1.50, 'Science Fiction'),
(5, 'The Catcher in the Rye', 'J.D. Salinger', 11.50, 2.75, 'Fiction'),
(6, 'The Lord of the Rings', 'J.R.R. Tolkien', 20.00, 4.00, 'Fantasy'),
(7, 'The Hobbit', 'J.R.R. Tolkien', 15.00, 3.00, 'Fantasy'),
(8, 'Harry Potter and the Philosopher''s Stone', 'J.K. Rowling', 13.50, 2.75, 'Fantasy'),
(9, 'Harry Potter and the Chamber of Secrets', 'J.K. Rowling', 14.00, 2.85, 'Fantasy'),
(10, 'Harry Potter and the Prisoner of Azkaban', 'J.K. Rowling', 14.50, 2.95, 'Fantasy'),
(11, 'Harry Potter and the Goblet of Fire', 'J.K. Rowling', 15.00, 3.00, 'Fantasy'),
(12, 'Harry Potter and the Order of Phoenix', 'J.K. Rowling', 15.50, 3.15, 'Fantasy'),
(13, 'Harry Potter and the Half-Blood Prince', 'J.K. Rowling', 16.00, 3.25, 'Fantasy'),
(14, 'Harry Potter and the Deathly Hallows', 'J.K. Rowling', 16.50, 3.35, 'Fantasy'),
(15, 'The Da Vinci Code', 'Dan Brown', 11.00, 2.25, 'Thriller'),
(16, 'Angels and Demons', 'Dan Brown', 10.50, 2.15, 'Thriller'),
(17, 'Inferno', 'Dan Brown', 12.00, 2.45, 'Thriller'),
(18, 'Digital Fortress', 'Dan Brown', 9.50, 1.95, 'Thriller'),
(19, 'The Lost Symbol', 'Dan Brown', 11.50, 2.35, 'Thriller'),
(20, 'The Bourne Identity', 'Robert Ludlum', 10.00, 2.00, 'Thriller'),
(21, 'The Bourne Supremacy', 'Robert Ludlum', 10.50, 2.10, 'Thriller'),
(23, 'The Bourne Ultimatum', 'Robert Ludlum', 11.00, 2.20, 'Thriller'),
(24, 'The Bourne Legacy', 'Eric Van Lustbader', 11.50, 2.30, 'Thriller'),
(25, 'Jurassic Park', 'Michael Crichton', 9.00, 1.80, 'Science Fiction'),
(26, 'The Lost World', 'Michael Crichton', 9.50, 1.90, 'Science Fiction'),
(27, 'Timeline', 'Michael Crichton', 10.00, 2.00, 'Science Fiction'),
(28, 'The Andromeda Strain', 'Michael Crichton', 8.50, 1.70, 'Science Fiction'),
(29, 'Ender''s Game', 'Orson Scott Card', 12.50, 2.50, 'Science Fiction'),
(30, 'Speaker for the Dead', 'Orson Scott Card', 13.00, 2.60, 'Science Fiction'),
(31, 'Xenocide', 'Orson Scott Card', 13.50, 2.70, 'Science Fiction'),
(32, 'Children of the Mind', 'Orson Scott Card', 14.00, 2.80, 'Science Fiction'),
(33, 'The Hunger Games', 'Suzanne Collins', 10.00, 2.00, 'Science Fiction'),
(34, 'Catching Fire', 'Suzanne Collins', 10.50, 2.10, 'Science Fiction'),
(35, 'Mockingjay', 'Suzanne Collins', 11.00, 2.20, 'Science Fiction'),
(36, 'The Maze Runner', 'James Dashner', 9.50, 1.90, 'Science Fiction'),
(37, 'The Scorch Trials', 'James Dashner', 10.00, 2.00, 'Science Fiction'),
(38, 'The Death Cure', 'James Dashner', 10.50, 2.10, 'Science Fiction'),
(39, 'The Kill Order', 'James Dashner', 11.00, 2.20, 'Science Fiction'),
(40, 'The Lion, the Witch and the Wardrobe', 'C.S. Lewis', 8.00, 1.60, 'Fantasy'),
(41, 'Prince Caspian', 'C.S. Lewis', 8.50, 1.70, 'Fantasy'),
(42, 'The Voyage of the Dawn Treader', 'C.S. Lewis', 9.00, 1.80, 'Fantasy'),
(43, 'The Silver Chair', 'C.S. Lewis', 9.50, 1.90, 'Fantasy'),
(44, 'The Horse and His Boy', 'C.S. Lewis', 10.00, 2.00, 'Fantasy'),
(45, 'The Magician''s Nephew', 'C.S. Lewis', 10.50, 2.10, 'Fantasy');
(46, 'The Last Battle', 'C.S. Lewis', 9.80, 1.95, 'Fantasy')
(47, 'Harry Potter and the Philosopher''s Stone', 'J.K. Rowling', 9.3, 1.2, 'Fantasy'),
(48, 'Harry Potter and the Chamber of Secrets', 'J.K. Rowling', 9.4, 1.3, 'Fantasy'),
(49, 'Harry Potter and the Prisoner of Azkaban', 'J.K. Rowling', 9.5, 1.4, 'Fantasy'),
(50, 'Harry Potter and the Goblet of Fire', 'J.K. Rowling', 9.6, 1.5, 'Fantasy')


INSERT INTO Readers (ReaderCode, LastName, FirstName, MiddleName, Address, Phone)
VALUES
(1, 'Smith', 'John', 'A.', '123 Main St', '555-1234'),
(2, 'Johnson', 'Mary', 'L.', '456 Oak Ave', '555-5678'),
(3, 'Williams', 'David', 'M.', '789 Pine Rd', '555-9012'),
(4, 'Brown', 'Karen', 'J.', '1010 Maple St', '555-3456'),
(5, 'Jones', 'Robert', 'S.', '1212 Elm Dr', '555-7890'),
(6, 'Garcia', 'Maria', 'C.', '1313 Cedar Ln', '555-2468'),
(7, 'Martinez', 'Jose', 'L.', '1414 Walnut St', '555-1357'),
(8, 'Anderson', 'Lisa', 'K.', '1515 Oakwood Dr', '555-8024'),
(9, 'Thomas', 'Michael', 'J.', '1616 Maple Ave', '555-8752'),
(10, 'Jackson', 'Nancy', 'R.', '1717 Pine St', '555-9631'),
(11, 'White', 'Steven', 'T.', '1818 Cedar Rd', '555-7410'),
(12, 'Harris', 'Laura', 'M.', '1919 Walnut Ave', '555-5189'),
(13, 'Martin', 'Christopher', 'A.', '2020 Oak St', '555-2968'),
(14, 'Thompson', 'Amanda', 'E.', '2121 Pine Rd', '555-0747'),
(15, 'Moore', 'Kevin', 'D.', '2222 Cedar Dr', '555-8526'),
(16, 'Young', 'Patricia', 'N.', '2323 Walnut Ln', '555-6305'),
(17, 'Allen', 'Daniel', 'S.', '2424 Oak Ave', '555-4084'),
(18, 'King', 'Michelle', 'F.', '2525 Maple St', '555-1863'),
(19, 'Wright', 'Eric', 'G.', '2626 Pine Ave', '555-9642'),
(20, 'Scott', 'Rebecca', 'H.', '2727 Cedar Rd', '555-7421'),
(21, 'Green', 'Jonathan', 'I.', '2828 Walnut Ave', '555-5200'),
(22, 'Baker', 'Stephanie', 'J.', '2929 Oakwood Dr', '555-2979'),
(23, 'Adams', 'Matthew', 'K.', '3030 Pine St', '555-0758'),
(24, 'Nelson', 'Sarah', 'L.', '3131 Cedar Ln', '555-8537'),
(25, 'Carter', 'William', 'M.', '3232 Walnut Ln', '555-6316'),
(26, 'Mitchell', 'Megan', 'N.', '3333 Maple Ave', '555-4095'),
(27, 'Perez', 'Nicholas', 'O.', '3434 Oak Ave', '555-1874'),
(28, 'Roberts', 'Rachel', 'P.', '3535 Pine Rd', '555-9653'),
(29, 'Turner', 'David', 'Q.', '3636 Cedar Dr', '555-7432'),
(30, 'Garcia', 'Maria', 'R.', '3737 Maple St', '555-3367'),
(31, 'Nguyen', 'Tuan', 'S.', '3838 Elm Blvd', '555-5509'),
(32, 'Patel', 'Raj', 'T.', '3939 Birch Ln', '555-1423'),
(33, 'Lee', 'Jin', 'U.', '4040 Pine St', '555-7291'),
(34, 'Wong', 'Wei', 'V.', '4141 Oak Ave', '555-9087'),
(35, 'Kim', 'Young', 'W.', '4242 Cedar Dr', '555-6562'),
(36, 'Singh', 'Amit', 'X.', '4343 Maple St', '555-2312'),
(37, 'Park', 'Min', 'Y.', '4444 Elm Blvd', '555-9178'),
(38, 'Gupta', 'Anjali', 'Z.', '4545 Birch Ln', '555-3896'),
(39, 'Gonzalez', 'Juan', 'A.', '4646 Pine St', '555-6229'),
(40, 'Smith', 'John', 'B.', '4747 Oak Ave', '555-3015')
(41, 'Johnson', 'Sarah', 'C.', '4848 Cedar Dr', '555-1772'),
(42, 'Anderson', 'Eric', 'D.', '4949 Maple St', '555-4421'),
(43, 'Brown', 'Jessica', 'E.', '5050 Elm Blvd', '555-7865'),
(44, 'Davis', 'Matthew', 'F.', '5151 Birch Ln', '555-9276'),
(45, 'Garcia', 'Juan', 'G.', '5252 Pine St', '555-6803'),
(46, 'Hernandez', 'Maria', 'H.', '5353 Oak Ave', '555-2994'),
(47, 'Jackson', 'William', 'I.', '5454 Cedar Dr', '555-1088'),
(48, 'Kim', 'Ji', 'J.', '5555 Maple St', '555-5555'),
(49, 'Lopez', 'Sofia', 'K.', '5656 Elm Blvd', '555-3412'),
(50, 'Martinez', 'Carlos', 'L.', '5757 Birch Ln', '555-7319');

INSERT INTO IssuedBooks (IssueCode, BookCode, ReaderCode, IssueDate, ReturnDate)
VALUES
(1, 1, 2, '2023-04-10', '2023-04-17'),
(2, 2, 3, '2023-04-12', '2023-04-19'),
(3, 3, 1, '2023-04-15', '2023-04-22'),
(4, 4, 5, '2023-04-16', '2023-04-23'),
(5, 5, 4, '2023-04-18', '2023-04-25'),
(6, 2, 4, '2023-04-20', '2023-04-27'),
(7, 3, 5, '2023-04-22', '2023-04-29'),
(8, 4, 1, '2023-04-25', '2023-05-02'),
(9, 5, 2, '2023-04-26', '2023-05-03'),
(10, 1, 3, '2023-04-28', '2023-05-05'),
(11, 3, 2, '2023-04-30', '2023-05-07'),
(12, 5, 1, '2023-05-01', '2023-05-08'),
(13, 1, 5, '2023-05-03', '2023-05-10'),
(14, 2, 1, '2023-05-05', '2023-05-12'),
(15, 3, 4, '2023-05-07', '2023-05-14'),
(16, 4, 2, '2023-05-09', '2023-05-16'),
(17, 5, 3, '2023-05-11', '2023-05-18'),
(18, 1, 4, '2023-05-13', '2023-05-20'),
(19, 2, 5, '2023-05-15', '2023-05-22'),
(20, 3, 1, '2023-05-17', '2023-05-24'),
(21, 4, 3, '2023-05-19', '2023-05-26'),
(22, 5, 2, '2023-05-21', '2023-05-28'),
(23, 1, 1, '2023-05-23', '2023-05-30'),
(24, 2, 4, '2023-05-25', '2023-06-01'),
(25, 3, 2, '2023-05-27', '2023-06-03'),
(26, 4, 5, '2023-05-29', '2023-06-05'),
(27, 5, 3, '2023-05-31', '2023-06-07'),
(28, 1, 2, '2023-06-02', '2023-06-09'),
(29, 2, 1, '2023-06-04', '2023-06-11'),
(30, 3, 2, '2023-06-06', '2023-06-13'),
(31, 4, 3, '2023-06-08', '2023-06-15'),
(32, 5, 4, '2023-06-10', '2023-06-17'),
(33, 1, 3, '2023-06-12', '2023-06-19'),
(34, 2, 4, '2023-06-14', '2023-06-21'),
(35, 3, 5, '2023-06-16', '2023-06-23'),
(36, 4, 1, '2023-06-18', '2023-06-25'),
(37, 5, 2, '2023-06-20', '2023-06-27'),
(38, 1, 4, '2023-06-22', '2023-06-29'),
(39, 2, 5, '2023-06-24', '2023-07-01'),
(40, 3, 1, '2023-06-26', '2023-07-03'),
(41, 4, 2, '2023-06-28', '2023-07-05'),
(42, 5, 3, '2023-06-30', '2023-07-07'),
(43, 1, 2, '2023-07-02', '2023-07-09'),
(44, 2, 1, '2023-07-04', '2023-07-11'),
(45, 3, 4, '2023-07-06', '2023-07-13'),
(46, 4, 5, '2023-07-08', '2023-07-15'),
(47, 5, 1, '2023-07-10', '2023-07-17'),
(48, 1, 3, '2023-07-12', '2023-07-19'),
(49, 2, 4, '2023-07-14', '2023-07-21'),
(50, 3, 5, '2023-07-16', '2023-07-23');
