USE UCHEBNAYA_SULTANOV_3
insert into Факультет	(Аббревиатура,Название)
	values ('ЕН','Естественные науки'),
			('ГН','Гуманитарные науки'),
			('ИТ','Информационные технологии'),
			('ФМ','Физико-математический')

insert into Кафедра	(Шифр,Название,Факультет)
	values ('ВМ','Естественные науки','ЕН'),
			('ИС','Гуманитарные науки','ИТ'),
			('ММ','Информационные технологии','ФМ'),
			('ОФ','Общая физика','ЕН'),
			('ПИ','Прикладная информатика','ИТ'),
			('ЭФ','Экспериментальная физика','ФМ')

insert into Сотрудник	(Таб_номер,Шифр,Фамилия,Должность,Зарплата,Шеф)
	values  ('101','ПИ','Прохоров П.П.','зав. кафедрой','35000','101'),
			('102','ПИ','Семенов С.С.','преподаватель','25000','101'),
			('105','ПИ','Петров  П.П.','преподаватель','25000','101'),
			('153','ПИ','Сидорова С.С.','инженер','15000','102'),
			('201','ИС','Андреев А.А.','зав. кафедрой','35000','201'),
			('202','ИС','Борисов Б.Б.','преподаватель','25000','201'),
			('241','ИС','Глухов Г.Г.','инженер','20000','201'),
			('242','ИС','Чернов Ч.Ч.','инженер','20000','202'),
			('301','ММ','Басов Б.Б.','зав. кафедрой','35000','301'),
			('302','ММ','Сергеева С.С.','преподаватель','15000','401'),
			('401','ОФ','Волков В.В.','зав. кафедрой','35000','401'),
			('402','ОФ','Зайцев З.З.','преподаватель','25000','401'),
			('403','ОФ','Смирнов С.С.','преподаватель','25000','402'),
			('435','ОФ','Лисин Л.Л.','инженер','20000','501'),
			('501','ВМ','Кузнецов К.К.','зав. кафедрой','35000','501'),
			('502','ВМ','Романцев Р.Р.','преподаватель','25000','501'),
			('503','ВМ','Соловьев С.С.','преподаватель','25000','501'),
			('601','ЭФ','Зверев З.З.','зав. кафедрой','35000','601'),
			('602','ЭФ','Сорокина С.С.','преподаватель','25000','601'),
			('614','ЭФ','Григорьев Г.Г.','инженер','20000','602')

insert into Специальность(Номер,Направление,Шифр)
 values('01.03.04','Прикладная математика','ММ');
 Insert Into Специальность(Номер,Направление,Шифр)
 values('09.03.02','Информационные системы и технологии','ИС');
 Insert Into Специальность(Номер,Направление,Шифр)
 values('09.03.03','Прикладная информатика','ПИ');
 Insert Into Специальность(Номер,Направление,Шифр)
 values('14.03.02','Ядерные физика и технология','ЭФ');
 Insert Into Специальность(Номер,Направление,Шифр)
 values('38.03.05','Бизнес-информатика','ИС');

insert into Дисциплина	(Код,Объем,Название, Исполнитель)
	values  ('101','320','Математика','ВМ'),
			('102','160','Информатика','ПИ'),
			('103','160','Физика','ОФ'),
			('202','120','Базы данных','ИС'),
			('204','160','Электроника','ЭФ'),
			('205','80','Программирование','ПИ'),
			('209','80','Моделирование','ММ')

--Таблица 6 Заявка.
insert into Заявка	(Номер,Код)
	values  ('01.03.04','101'),
			('01.03.04','205'),
			('01.03.04','209'),
			('09.03.02','101'),
			('09.03.02','102'),
			('09.03.02','103'),
			('09.03.02','202'),
			('09.03.02','205'),
			('09.03.02','209'),
			('09.03.03','101'),
			('09.03.03','102'),
			('09.03.03','103'),
			('09.03.03','202'),
			('09.03.03','205'),
			('14.03.02','101'),
			('14.03.02','102'),
			('14.03.02','103'),
			('14.03.02','204'),
			('38.03.05','101'),
			('38.03.05','103'),
			('38.03.05','202'),
			('38.03.05','209')

insert into Зав_кафедрой	(Таб_номер,Стаж)
	values  ('101','15'),
			('201','18'),
			('301','20'),
			('401','10'),
			('501','18'),
			('601','8')

insert into Инженер	(Таб_номер,Специальность)
	values  ('153','электроник'),
			('241','электроник'),
			('242','программист'),
			('435','электроник'),
			('614','программист')
			
insert into Преподаватель	(Таб_номер,Звание,Степень)
	values  ('101','профессор','д. т.н.'),
			('102','доцент','к. ф.-м. н.'),
			('105','доцент','к. т.н.'),
			('201','профессор','д. ф.-м. н.'),
			('202','доцент','к. ф.-м. н.'),
			('301','профессор','д. т.н.'),
			('302','доцент','к. т.н.'),
			('401','профессор','д. т.н.'),
			('402','доцент','к. т.н.'),
			('403','ассистент',''),
			('501','профессор','д. ф.-м. н.'),
			('502','профессор','д. ф.-м. н.'),
			('503','доцент','к. ф.-м. н.'),
			('601','профессор','д. ф.-м. н.')

insert into Студент	(Рег_номер,Номер,Фамилия)
	values  ('10101','09.03.03','Николаева Н. Н.'),
			('10102','09.03.03','Иванов И. И.'),
			('10103','09.03.03','Крюков К. К.'),
			('20101','09.03.02','Андреев А. А.'),
			('20102','09.03.02','Федоров Ф. Ф.'),
			('30101','14.03.02','Бондаренко Б. Б.'),
			('30102','14.03.02','Цветков К. К.'),
			('30103','14.03.02','Петров П. П.'),
			('50101','01.03.04','Сергеев С. С.'),
			('50102','01.03.04','Кудрявцев К. К.'),
			('80101','38.03.05','Макаров М. М.'),
			('80102','38.03.05','Яковлев Я. Я.')

insert into Экзамен	(Дата,Код,Рег_номер,Таб_номер,Аудитория,Оценка)
	values  ('05.06.2015','102','10101','102','т505','4'),
			('05.06.2015','102','20102','102','т505','4'),
			('05.06.2015','202','30101','102','т506','4'),
			('05.06.2015','202','30102','102','т506','3'),
			('07.06.2015','102','80101','102','ф419','3'),
			('08.06.2015','102','80102','102','т506','4'),
			('08.06.2015','102','20101','102','м425','5'),
			('09.06.2015','205','10102','102','м424','4'),
			('09.06.2015','209','10101','102','ф333','3'),
			('10.06.2015','101','30101','102','т506','4'),
			('10.06.2015','101','80102','102','т505','4'),
			('10.06.2015','209','80102','102','ф349','5'),
			('12.06.2015','101','80101','102','э105','5'),
			('15.06.2015','101','30102','102','э105','4'),
			('15.06.2015','101','50101','102','с324','4'),
			('15.06.2015','101','5010','102','ф417','4'),
			('15.06.2015','103','10101','102','ф201','5'),
			('15.06.2015','101','5010','102','ф201','4'),
			('15.06.2015','103','10101','102','ф414','5'),
			('17.06.2015','102','10101','102','т505','5')